,"Ground truth (theta, phi)","Output (theta, phi)"
0,"[93.0, 243.0]","[88.5807113647461, 249.90847778320312]"
1,"[116.99999237060547, 81.0]","[120.35664367675781, 83.48788452148438]"
2,"[116.99999237060547, 351.0]","[118.79225158691406, 356.77801513671875]"
3,"[147.0, 348.0]","[145.32882690429688, 358.679931640625]"
4,"[108.00000762939453, 219.0]","[108.01277923583984, 220.6490020751953]"
5,"[111.0, 123.0]","[107.80448913574219, 127.29945373535156]"
6,"[141.0, 90.0]","[142.16151428222656, 96.50908660888672]"
7,"[123.0, 294.0]","[121.42815399169922, 302.4585876464844]"
8,"[81.0, 69.0]","[77.86311340332031, 78.27691650390625]"
9,"[111.0, 135.0]","[116.3357162475586, 140.85533142089844]"
10,"[171.0, 201.0]","[168.70651245117188, 211.10214233398438]"
11,"[84.0, 207.0]","[81.26546478271484, 213.79147338867188]"
12,"[147.0, 207.0]","[148.59942626953125, 213.1873779296875]"
13,"[30.0, 321.0]","[24.349929809570312, 326.9886474609375]"
14,"[102.0, 233.99998474121094]","[93.45846557617188, 241.18313598632812]"
15,"[99.0, 252.0]","[94.44193267822266, 258.6044921875]"
16,"[141.0, 207.0]","[140.3900604248047, 214.0331573486328]"
17,"[108.00000762939453, 27.000001907348633]","[110.71389770507812, 32.624961853027344]"
18,"[126.0, 165.0]","[125.2639389038086, 171.3465576171875]"
19,"[54.000003814697266, 336.0]","[50.07817077636719, 345.4482727050781]"
20,"[18.0, 270.0]","[11.17400074005127, 278.637939453125]"
21,"[99.0, 51.0]","[96.32891845703125, 52.7210693359375]"
22,"[99.0, 105.0]","[98.40758514404297, 110.00537109375]"
23,"[116.99999237060547, 207.0]","[114.4600601196289, 214.18601989746094]"
24,"[93.0, 255.0]","[89.17692565917969, 259.9177551269531]"
25,"[6.000000476837158, 171.0]","[4.212307929992676, 179.15174865722656]"
26,"[66.0, 99.0]","[66.43263244628906, 105.69051361083984]"
27,"[116.99999237060547, 87.0]","[121.9935302734375, 91.4320068359375]"
28,"[141.0, 225.0]","[142.52694702148438, 231.6714324951172]"
29,"[114.0, 45.0]","[118.93206787109375, 51.76316452026367]"
30,"[78.0, 333.0]","[73.73273468017578, 340.40887451171875]"
31,"[24.000001907348633, 210.0]","[26.04442596435547, 213.61749267578125]"
32,"[51.0, 336.0]","[46.02964782714844, 343.7718505859375]"
33,"[162.0, 21.0]","[163.9792022705078, 26.71795654296875]"
34,"[162.0, 105.0]","[168.2732391357422, 113.95320892333984]"
35,"[135.0, 72.0]","[137.79722595214844, 77.325927734375]"
36,"[9.0, 348.0]","[10.638293266296387, 353.08746337890625]"
37,"[180.0, 72.0]","[175.8195343017578, 190.71530151367188]"
38,"[180.0, 204.0]","[175.8195343017578, 190.71530151367188]"
39,"[102.0, 318.0]","[101.383056640625, 325.279541015625]"
40,"[123.0, 357.0]","[120.26778411865234, 350.3296813964844]"
41,"[105.0, 36.0]","[109.49185943603516, 42.572593688964844]"
42,"[147.0, 123.0]","[145.77154541015625, 127.89839172363281]"
43,"[21.0, 87.0]","[18.568187713623047, 93.89909362792969]"
44,"[150.0, 204.0]","[148.06300354003906, 210.1720428466797]"
45,"[171.0, 348.0]","[175.74298095703125, 360.73895263671875]"
46,"[42.0, 351.0]","[39.66130828857422, 360.5473327636719]"
47,"[75.0, 120.0]","[75.77438354492188, 127.84677124023438]"
48,"[105.0, 93.0]","[106.98900604248047, 97.77505493164062]"
49,"[72.0, 0.0]","[75.47451782226562, 151.82723999023438]"
50,"[153.0, 171.0]","[150.69635009765625, 176.65528869628906]"
51,"[30.0, 195.0]","[30.015254974365234, 199.66702270507812]"
52,"[78.0, 237.00001525878906]","[73.97077941894531, 245.24717712402344]"
53,"[123.0, 273.0]","[119.42491912841797, 279.94586181640625]"
54,"[165.0, 351.0]","[164.8709716796875, 361.2453308105469]"
55,"[111.0, 150.0]","[114.10897827148438, 155.4204559326172]"
56,"[48.000003814697266, 36.0]","[52.80528259277344, 40.74927520751953]"
57,"[42.0, 192.00001525878906]","[40.410667419433594, 198.9270782470703]"
58,"[81.0, 300.0]","[74.99895477294922, 309.48028564453125]"
59,"[105.0, 27.000001907348633]","[108.63239288330078, 32.088802337646484]"
60,"[90.0, 75.0]","[86.0780029296875, 79.612548828125]"
61,"[72.0, 216.00001525878906]","[66.0303726196289, 221.60943603515625]"
62,"[0.0, 309.0]","[2.5192065238952637, 194.72325134277344]"
63,"[39.0, 324.0]","[32.54902648925781, 333.60284423828125]"
64,"[81.0, 153.0]","[78.58586883544922, 157.74794006347656]"
65,"[15.0, 39.0]","[10.485445022583008, 46.302337646484375]"
66,"[171.0, 267.0]","[172.47799682617188, 271.8634033203125]"
67,"[3.000000238418579, 288.0]","[-2.5453460216522217, 286.31964111328125]"
68,"[81.0, 276.0]","[74.5707015991211, 283.64044189453125]"
69,"[30.0, 63.0]","[31.501678466796875, 69.03901672363281]"
70,"[162.0, 252.0]","[159.48365783691406, 258.3889465332031]"
71,"[153.0, 126.0]","[157.1509552001953, 131.9794158935547]"
72,"[54.000003814697266, 240.0]","[46.08850860595703, 246.4774932861328]"
73,"[75.0, 228.0]","[69.91996765136719, 231.8988494873047]"
74,"[87.0, 174.0]","[87.87694549560547, 182.3662872314453]"
75,"[42.0, 306.0]","[38.86117935180664, 308.5994873046875]"
76,"[132.0, 45.0]","[132.7795867919922, 54.87403869628906]"
77,"[87.0, 246.0]","[83.4100570678711, 253.75482177734375]"
78,"[54.000003814697266, 3.000000238418579]","[50.6649055480957, 45.818443298339844]"
79,"[18.0, 63.0]","[18.87020492553711, 68.8824234008789]"
80,"[165.0, 96.00000762939453]","[167.92681884765625, 104.86553192138672]"
81,"[99.0, 183.0]","[97.1162338256836, 190.00326538085938]"
82,"[36.0, 233.99998474121094]","[29.53101348876953, 238.21292114257812]"
83,"[45.0, 246.0]","[44.52219772338867, 252.65872192382812]"
84,"[132.0, 318.0]","[128.9082794189453, 322.7080383300781]"
85,"[51.0, 96.00000762939453]","[52.23292541503906, 101.22274017333984]"
86,"[36.0, 255.0]","[31.427383422851562, 259.0555725097656]"
87,"[3.000000238418579, 279.0]","[-2.5224881172180176, 276.0469055175781]"
88,"[153.0, 180.0]","[154.1942901611328, 184.83584594726562]"
89,"[162.0, 6.000000476837158]","[156.1767120361328, 48.94134521484375]"
90,"[84.0, 99.0]","[86.19100952148438, 104.50165557861328]"
91,"[116.99999237060547, 198.0]","[118.38153839111328, 204.4443817138672]"
92,"[138.0, 36.0]","[139.88726806640625, 42.908206939697266]"
93,"[99.0, 126.0]","[99.72969055175781, 133.04994201660156]"
94,"[12.000000953674316, 312.0]","[9.345691680908203, 320.55804443359375]"
95,"[129.0, 237.00001525878906]","[126.25285339355469, 242.70457458496094]"
96,"[165.0, 24.000001907348633]","[166.31704711914062, 29.461416244506836]"
97,"[96.00000762939453, 114.0]","[97.31002807617188, 118.13538360595703]"
98,"[9.0, 75.0]","[4.8172078132629395, 80.78054809570312]"
99,"[174.0, 60.0]","[174.67196655273438, 68.86518859863281]"
100,"[18.0, 81.0]","[15.025362014770508, 88.89976501464844]"
101,"[138.0, 3.000000238418579]","[136.98593139648438, 55.689369201660156]"
102,"[54.000003814697266, 297.0]","[47.822288513183594, 305.08978271484375]"
103,"[153.0, 285.0]","[151.8269805908203, 291.8968811035156]"
104,"[54.000003814697266, 212.99998474121094]","[53.00157165527344, 220.78318786621094]"
105,"[15.0, 75.0]","[15.419456481933594, 81.92771911621094]"
106,"[60.0, 54.000003814697266]","[65.91751098632812, 59.33905029296875]"
107,"[54.000003814697266, 354.0]","[54.37131118774414, 373.43603515625]"
108,"[9.0, 309.0]","[6.455959796905518, 317.59576416015625]"
109,"[162.0, 93.0]","[165.30897521972656, 102.47767639160156]"
110,"[6.000000476837158, 21.0]","[0.7170329093933105, 18.02751350402832]"
111,"[135.0, 12.000000953674316]","[136.5843048095703, 16.497167587280273]"
112,"[123.0, 99.0]","[126.16434478759766, 103.46839904785156]"
113,"[150.0, 153.0]","[150.32730102539062, 158.91180419921875]"
114,"[90.0, 186.0]","[90.06723022460938, 194.7322540283203]"
115,"[33.0, 48.000003814697266]","[35.68991470336914, 53.023311614990234]"
116,"[159.0, 114.0]","[158.98797607421875, 122.37353515625]"
117,"[114.0, 147.0]","[117.58563995361328, 152.20570373535156]"
118,"[159.0, 39.0]","[161.1451416015625, 44.07204818725586]"
119,"[69.0, 198.0]","[65.18933868408203, 205.47923278808594]"
120,"[105.0, 219.0]","[105.23329162597656, 222.3603057861328]"
121,"[162.0, 210.0]","[160.6199951171875, 216.00547790527344]"
122,"[138.0, 21.0]","[141.63604736328125, 24.603364944458008]"
123,"[114.0, 336.0]","[113.16134643554688, 347.5008544921875]"
124,"[9.0, 15.0]","[6.8488874435424805, 16.534709930419922]"
125,"[120.0, 81.0]","[124.44283294677734, 84.25856018066406]"
126,"[153.0, 21.0]","[153.07632446289062, 26.205976486206055]"
127,"[24.000001907348633, 204.0]","[20.35563850402832, 206.42257690429688]"
128,"[36.0, 345.0]","[35.360206604003906, 351.1924743652344]"
129,"[57.0, 306.0]","[54.50489044189453, 311.1786804199219]"
130,"[102.0, 252.0]","[98.18658447265625, 257.6705322265625]"
131,"[153.0, 345.0]","[151.8271026611328, 351.61724853515625]"
132,"[153.0, 147.0]","[154.2592010498047, 152.32632446289062]"
133,"[96.00000762939453, 96.00000762939453]","[92.69320678710938, 102.08280181884766]"
134,"[21.0, 360.0]","[21.543365478515625, 177.88327026367188]"
135,"[60.0, 279.0]","[53.03253936767578, 288.35986328125]"
136,"[12.000000953674316, 42.0]","[4.810121536254883, 50.242759704589844]"
137,"[21.0, 51.0]","[21.113412857055664, 59.25706100463867]"
138,"[96.00000762939453, 354.0]","[99.955322265625, 364.6230163574219]"
139,"[168.0, 129.0]","[162.728759765625, 139.64898681640625]"
140,"[45.0, 54.000003814697266]","[46.618831634521484, 61.94957733154297]"
141,"[165.0, 138.0]","[158.1141357421875, 145.59527587890625]"
142,"[177.0, 33.0]","[180.1278839111328, 61.91911315917969]"
143,"[51.0, 165.0]","[49.87041473388672, 173.2064208984375]"
144,"[93.0, 162.0]","[93.59587860107422, 165.62210083007812]"
145,"[102.0, 63.0]","[101.87757110595703, 67.32486724853516]"
146,"[30.0, 237.00001525878906]","[25.054182052612305, 243.92147827148438]"
147,"[75.0, 96.00000762939453]","[76.08999633789062, 103.32913208007812]"
148,"[129.0, 129.0]","[128.6607666015625, 135.3605499267578]"
149,"[153.0, 264.0]","[148.83074951171875, 274.29705810546875]"
150,"[42.0, 188.99998474121094]","[39.788291931152344, 198.49368286132812]"
151,"[102.0, 276.0]","[94.6220703125, 287.53839111328125]"
152,"[150.0, 24.000001907348633]","[149.89443969726562, 28.4548397064209]"
153,"[93.0, 60.0]","[94.28868865966797, 64.99636840820312]"
154,"[24.000001907348633, 255.0]","[19.39456558227539, 263.5492858886719]"
155,"[78.0, 231.0]","[72.5870361328125, 236.12451171875]"
156,"[78.0, 87.0]","[80.77670288085938, 91.36080169677734]"
157,"[120.0, 129.0]","[121.6830062866211, 134.23963928222656]"
158,"[144.0, 36.0]","[147.5873565673828, 42.00031280517578]"
159,"[111.0, 27.000001907348633]","[112.2310791015625, 33.532955169677734]"
160,"[141.0, 267.0]","[137.06761169433594, 278.9825439453125]"
161,"[33.0, 141.0]","[29.352128982543945, 150.65521240234375]"
162,"[54.000003814697266, 198.0]","[53.99651336669922, 201.88470458984375]"
163,"[129.0, 351.0]","[129.82827758789062, 358.53271484375]"
164,"[63.0, 93.0]","[62.96272277832031, 101.07994079589844]"
165,"[111.0, 9.0]","[110.74237823486328, 14.153563499450684]"
166,"[111.0, 132.0]","[112.46043395996094, 139.32672119140625]"
167,"[105.0, 3.000000238418579]","[100.84471130371094, 38.44739532470703]"
168,"[60.0, 330.0]","[52.94450378417969, 337.60968017578125]"
169,"[123.0, 111.0]","[127.02059936523438, 117.65462493896484]"
170,"[126.0, 147.0]","[128.86000061035156, 152.7069091796875]"
171,"[84.0, 309.0]","[84.04054260253906, 317.0285339355469]"
172,"[141.0, 231.0]","[138.4815216064453, 237.8683624267578]"
173,"[114.0, 315.0]","[116.65803527832031, 320.7588195800781]"
174,"[51.0, 324.0]","[47.58147430419922, 329.4558410644531]"
175,"[9.0, 255.0]","[1.9637317657470703, 266.44549560546875]"
176,"[18.0, 212.99998474121094]","[13.197402000427246, 215.3651580810547]"
177,"[30.0, 141.0]","[24.451427459716797, 150.15960693359375]"
178,"[156.0, 159.0]","[158.25563049316406, 164.5347442626953]"
179,"[87.0, 288.0]","[78.86294555664062, 296.25469970703125]"
180,"[24.000001907348633, 24.000001907348633]","[24.27184295654297, 28.283039093017578]"
181,"[33.0, 291.0]","[32.289390563964844, 299.7359924316406]"
182,"[66.0, 39.0]","[66.49464416503906, 45.16815948486328]"
183,"[150.0, 270.0]","[147.05747985839844, 280.2439880371094]"
184,"[18.0, 267.0]","[11.170658111572266, 276.0267333984375]"
185,"[27.000001907348633, 111.0]","[28.388368606567383, 118.327392578125]"
186,"[48.000003814697266, 116.99999237060547]","[46.261634826660156, 122.98359680175781]"
187,"[9.0, 354.0]","[9.486437797546387, 305.98089599609375]"
188,"[84.0, 282.0]","[76.71110534667969, 289.7841796875]"
189,"[63.0, 300.0]","[57.288841247558594, 308.0653076171875]"
190,"[21.0, 273.0]","[15.449639320373535, 280.7517395019531]"
191,"[114.0, 207.0]","[112.42217254638672, 213.90037536621094]"
192,"[45.0, 252.0]","[41.33493423461914, 254.35340881347656]"
193,"[120.0, 171.0]","[115.83143615722656, 181.03866577148438]"
194,"[120.0, 138.0]","[126.58106231689453, 143.8079071044922]"
195,"[123.0, 276.0]","[122.87701416015625, 282.6067199707031]"
196,"[105.0, 336.0]","[99.74596405029297, 348.13812255859375]"
197,"[165.0, 219.0]","[168.0575408935547, 221.49703979492188]"
198,"[9.0, 12.000000953674316]","[6.616634845733643, 20.338695526123047]"
199,"[147.0, 273.0]","[145.63861083984375, 285.8546142578125]"
200,"[168.0, 111.0]","[170.70606994628906, 121.7130355834961]"
201,"[69.0, 138.0]","[69.73617553710938, 143.9083709716797]"
202,"[147.0, 102.0]","[151.4219207763672, 109.38164520263672]"
203,"[81.0, 135.0]","[84.04680633544922, 140.1136932373047]"
204,"[165.0, 174.0]","[158.2937469482422, 178.72254943847656]"
205,"[159.0, 30.0]","[158.5570068359375, 35.11914825439453]"
206,"[99.0, 345.0]","[95.29934692382812, 353.16497802734375]"
207,"[177.0, 273.0]","[175.56101989746094, 264.7900695800781]"
208,"[78.0, 30.0]","[79.13441467285156, 36.405235290527344]"
209,"[60.0, 282.0]","[52.97114944458008, 288.3716735839844]"
210,"[27.000001907348633, 212.99998474121094]","[27.351192474365234, 215.572021484375]"
211,"[105.0, 84.0]","[104.82746887207031, 88.07318878173828]"
212,"[129.0, 33.0]","[129.66700744628906, 40.27369689941406]"
213,"[24.000001907348633, 162.0]","[19.126684188842773, 168.59019470214844]"
214,"[36.0, 162.0]","[31.593589782714844, 167.5348663330078]"
215,"[24.000001907348633, 216.00001525878906]","[23.57863998413086, 221.6868896484375]"
216,"[180.0, 240.0]","[175.8195343017578, 190.71530151367188]"
217,"[87.0, 309.0]","[87.28730773925781, 317.39202880859375]"
218,"[27.000001907348633, 108.00000762939453]","[29.45331573486328, 115.46366119384766]"
219,"[78.0, 207.0]","[76.51490783691406, 214.4049072265625]"
220,"[116.99999237060547, 120.0]","[111.7702865600586, 126.14198303222656]"
221,"[147.0, 84.0]","[149.92669677734375, 89.7698745727539]"
222,"[108.00000762939453, 33.0]","[112.31703186035156, 40.3986701965332]"
223,"[54.000003814697266, 183.0]","[54.301300048828125, 188.75999450683594]"
224,"[162.0, 204.0]","[160.06919860839844, 211.8958282470703]"
225,"[0.0, 324.0]","[2.5192065238952637, 194.72325134277344]"
226,"[90.0, 297.0]","[85.62094116210938, 306.10369873046875]"
227,"[72.0, 201.0]","[70.193359375, 209.56195068359375]"
228,"[96.00000762939453, 132.0]","[98.92274475097656, 139.07852172851562]"
229,"[87.0, 168.0]","[89.51998138427734, 173.79830932617188]"
230,"[99.0, 87.0]","[95.87335205078125, 88.50896453857422]"
231,"[45.0, 228.0]","[41.632301330566406, 230.53712463378906]"
232,"[147.0, 342.0]","[146.02383422851562, 349.2785339355469]"
233,"[60.0, 96.00000762939453]","[58.184593200683594, 103.4796371459961]"
234,"[12.000000953674316, 351.0]","[15.854288101196289, 355.08856201171875]"
235,"[48.000003814697266, 114.0]","[46.46504211425781, 118.45123291015625]"
236,"[60.0, 120.0]","[59.674461364746094, 129.49969482421875]"
237,"[78.0, 60.0]","[79.04278564453125, 66.0657958984375]"
238,"[144.0, 48.000003814697266]","[143.26434326171875, 53.653968811035156]"
239,"[177.0, 252.0]","[180.01316833496094, 244.78294372558594]"
240,"[165.0, 36.0]","[166.03762817382812, 40.3768310546875]"
241,"[93.0, 267.0]","[89.2370376586914, 278.10894775390625]"
242,"[177.0, 48.000003814697266]","[179.39321899414062, 73.19499969482422]"
243,"[135.0, 336.0]","[133.5808563232422, 344.43804931640625]"
244,"[174.0, 129.0]","[176.531005859375, 142.5283966064453]"
245,"[72.0, 126.0]","[66.1648178100586, 132.3060760498047]"
246,"[123.0, 0.0]","[121.83195495605469, 246.28509521484375]"
247,"[144.0, 357.0]","[144.7094268798828, 325.3213195800781]"
248,"[150.0, 321.0]","[148.96115112304688, 331.6240234375]"
249,"[132.0, 108.00000762939453]","[136.48716735839844, 113.04928588867188]"
250,"[75.0, 333.0]","[71.13489532470703, 341.6307678222656]"
251,"[177.0, 198.0]","[178.61256408691406, 204.41807556152344]"
252,"[3.000000238418579, 18.0]","[0.8116075992584229, 70.857177734375]"
253,"[105.0, 333.0]","[98.89652252197266, 342.50823974609375]"
254,"[54.000003814697266, 132.0]","[53.64588165283203, 137.41677856445312]"
255,"[27.000001907348633, 222.0]","[22.780797958374023, 227.96246337890625]"
256,"[168.0, 249.0]","[163.4219512939453, 255.7910919189453]"
257,"[162.0, 324.0]","[163.3748779296875, 333.34295654296875]"
258,"[3.000000238418579, 120.0]","[4.68310546875, 143.69186401367188]"
259,"[123.0, 18.0]","[128.00509643554688, 21.936508178710938]"
260,"[93.0, 102.0]","[92.05899047851562, 108.23151397705078]"
261,"[168.0, 99.0]","[169.3497772216797, 107.42578887939453]"
262,"[27.000001907348633, 345.0]","[28.22016143798828, 351.484619140625]"
263,"[30.0, 312.0]","[28.2965087890625, 314.7715148925781]"
264,"[57.0, 327.0]","[52.65876007080078, 333.4231872558594]"
265,"[165.0, 87.0]","[168.48606872558594, 95.59014892578125]"
266,"[66.0, 188.99998474121094]","[69.3628921508789, 197.61134338378906]"
267,"[138.0, 33.0]","[138.54278564453125, 41.81489562988281]"
268,"[0.0, 141.0]","[2.5192065238952637, 194.72325134277344]"
269,"[120.0, 237.00001525878906]","[116.43258666992188, 245.2410888671875]"
270,"[129.0, 51.0]","[131.0359344482422, 58.95024871826172]"
271,"[48.000003814697266, 233.99998474121094]","[47.60581588745117, 238.64955139160156]"
272,"[36.0, 141.0]","[34.12665939331055, 149.76702880859375]"
273,"[63.0, 116.99999237060547]","[63.59169006347656, 124.81068420410156]"
274,"[45.0, 120.0]","[43.52715301513672, 128.22781372070312]"
275,"[39.0, 96.00000762939453]","[44.569419860839844, 103.64208221435547]"
276,"[21.0, 321.0]","[16.984731674194336, 328.9676818847656]"
277,"[21.0, 288.0]","[21.874988555908203, 296.05706787109375]"
278,"[153.0, 69.0]","[160.57296752929688, 73.6792984008789]"
279,"[116.99999237060547, 39.0]","[117.32207489013672, 45.49598693847656]"
280,"[69.0, 60.0]","[68.86921691894531, 67.76044464111328]"
281,"[120.0, 165.0]","[121.21110534667969, 173.33432006835938]"
282,"[165.0, 45.0]","[165.0731201171875, 48.87155532836914]"
283,"[3.000000238418579, 0.0]","[3.508228063583374, 156.69277954101562]"
284,"[180.0, 138.0]","[175.8195343017578, 190.71530151367188]"
285,"[116.99999237060547, 336.0]","[116.8059310913086, 347.47296142578125]"
286,"[3.000000238418579, 123.0]","[3.833078622817993, 146.8974609375]"
287,"[69.0, 237.00001525878906]","[63.06914520263672, 243.694091796875]"
288,"[129.0, 339.0]","[128.8274688720703, 351.3796691894531]"
289,"[96.00000762939453, 360.0]","[97.4793701171875, 171.6624755859375]"
290,"[18.0, 303.0]","[15.422103881835938, 313.5558166503906]"
291,"[162.0, 330.0]","[162.32833862304688, 338.9191589355469]"
292,"[30.0, 12.000000953674316]","[31.974584579467773, 14.99609375]"
293,"[141.0, 282.0]","[139.89718627929688, 288.8389587402344]"
294,"[177.0, 72.0]","[178.56561279296875, 101.31954193115234]"
295,"[168.0, 12.000000953674316]","[170.3118438720703, 13.506770133972168]"
296,"[6.000000476837158, 276.0]","[0.8976153135299683, 284.59429931640625]"
297,"[30.0, 231.0]","[22.923646926879883, 237.44015502929688]"
298,"[96.00000762939453, 150.0]","[98.4588394165039, 156.39044189453125]"
299,"[153.0, 123.0]","[154.9006805419922, 127.76465606689453]"
300,"[147.0, 285.0]","[146.78916931152344, 292.0251159667969]"
301,"[21.0, 195.0]","[17.373064041137695, 200.1339874267578]"
302,"[9.0, 228.0]","[8.466535568237305, 235.83816528320312]"
303,"[9.0, 219.0]","[5.68759822845459, 226.4869384765625]"
304,"[120.0, 330.0]","[117.14990997314453, 338.6097412109375]"
305,"[51.0, 39.0]","[55.732688903808594, 45.65675354003906]"
306,"[3.000000238418579, 270.0]","[-1.7464874982833862, 266.1151428222656]"
307,"[60.0, 171.0]","[61.822654724121094, 180.81802368164062]"
308,"[114.0, 51.0]","[114.85033416748047, 56.305641174316406]"
309,"[9.0, 9.0]","[7.811132431030273, 36.34982681274414]"
310,"[171.0, 126.0]","[176.22439575195312, 139.15408325195312]"
311,"[87.0, 207.0]","[83.97300720214844, 214.03659057617188]"
312,"[114.0, 188.99998474121094]","[114.0906753540039, 195.63661193847656]"
313,"[84.0, 72.0]","[81.58682250976562, 78.2566909790039]"
314,"[111.0, 279.0]","[106.61811065673828, 287.67529296875]"
315,"[174.0, 174.0]","[174.888916015625, 183.71575927734375]"
316,"[63.0, 258.0]","[60.179595947265625, 264.6072998046875]"
317,"[174.0, 188.99998474121094]","[168.1165313720703, 194.58509826660156]"
318,"[69.0, 294.0]","[60.196319580078125, 303.1499328613281]"
319,"[66.0, 342.0]","[63.86058044433594, 352.10986328125]"
320,"[150.0, 6.000000476837158]","[152.5841522216797, 16.148338317871094]"
321,"[3.000000238418579, 294.0]","[-1.9612869024276733, 293.1877746582031]"
322,"[144.0, 123.0]","[140.60708618164062, 129.47927856445312]"
323,"[96.00000762939453, 12.000000953674316]","[96.56753540039062, 16.105562210083008]"
324,"[165.0, 315.0]","[160.3162841796875, 323.11669921875]"
325,"[54.000003814697266, 216.00001525878906]","[51.19807434082031, 223.02772521972656]"
326,"[177.0, 102.0]","[176.10391235351562, 129.9153289794922]"
327,"[180.0, 345.0]","[175.8195343017578, 190.71530151367188]"
328,"[6.000000476837158, 264.0]","[-0.027730688452720642, 271.3602294921875]"
329,"[138.0, 261.0]","[131.62371826171875, 269.5841369628906]"
330,"[138.0, 0.0]","[139.64405822753906, 190.2174072265625]"
331,"[18.0, 354.0]","[17.558515548706055, 332.6783752441406]"
332,"[156.0, 279.0]","[155.40931701660156, 287.89422607421875]"
333,"[42.0, 210.0]","[39.60944747924805, 213.81993103027344]"
334,"[114.0, 225.0]","[115.27763366699219, 228.90597534179688]"
335,"[180.0, 303.0]","[175.8195343017578, 190.71530151367188]"
336,"[3.000000238418579, 195.0]","[0.8077479004859924, 201.45240783691406]"
337,"[72.0, 252.0]","[70.89785766601562, 257.585693359375]"
338,"[9.0, 183.0]","[6.68836784362793, 186.64476013183594]"
339,"[39.0, 342.0]","[34.62495803833008, 347.67254638671875]"
340,"[144.0, 135.0]","[151.44735717773438, 139.83172607421875]"
341,"[42.0, 177.0]","[42.28422546386719, 185.75393676757812]"
342,"[114.0, 108.00000762939453]","[115.57752227783203, 112.24396514892578]"
343,"[36.0, 60.0]","[38.3795280456543, 67.50917053222656]"
344,"[3.000000238418579, 147.0]","[-2.9712564945220947, 169.10528564453125]"
345,"[48.000003814697266, 261.0]","[38.77367401123047, 265.37176513671875]"
346,"[54.000003814697266, 90.0]","[53.14404296875, 95.94651794433594]"
347,"[99.0, 282.0]","[91.71810150146484, 288.3880920410156]"
348,"[129.0, 318.0]","[128.11636352539062, 322.57794189453125]"
349,"[33.0, 150.0]","[30.959444046020508, 156.2286376953125]"
350,"[108.00000762939453, 327.0]","[107.00308990478516, 332.28399658203125]"
351,"[116.99999237060547, 309.0]","[118.84149169921875, 318.6136474609375]"
352,"[33.0, 192.00001525878906]","[33.91657638549805, 196.84425354003906]"
353,"[27.000001907348633, 201.0]","[25.613500595092773, 203.1737518310547]"
354,"[78.0, 312.0]","[80.48102569580078, 318.84588623046875]"
355,"[9.0, 186.0]","[5.89562463760376, 191.06007385253906]"
356,"[78.0, 99.0]","[78.9642562866211, 104.065673828125]"
357,"[42.0, 30.0]","[44.69248962402344, 34.311275482177734]"
358,"[3.000000238418579, 297.0]","[-1.5222440958023071, 296.83203125]"
359,"[156.0, 135.0]","[158.4083251953125, 143.07717895507812]"
360,"[33.0, 0.0]","[34.67338180541992, 197.78961181640625]"
361,"[78.0, 342.0]","[76.57208251953125, 351.8807678222656]"
362,"[141.0, 57.0]","[139.9239959716797, 61.54632568359375]"
363,"[27.000001907348633, 348.0]","[25.606515884399414, 357.4291687011719]"
364,"[96.00000762939453, 291.0]","[90.97612762451172, 295.8226013183594]"
365,"[156.0, 348.0]","[154.3627166748047, 356.08050537109375]"
366,"[108.00000762939453, 36.0]","[112.34732818603516, 42.706634521484375]"
367,"[84.0, 354.0]","[86.19489288330078, 366.50689697265625]"
368,"[15.0, 48.000003814697266]","[15.249946594238281, 55.798343658447266]"
369,"[120.0, 0.0]","[118.67365264892578, 243.35391235351562]"
370,"[174.0, 51.0]","[176.49172973632812, 58.25661849975586]"
371,"[174.0, 264.0]","[172.80545043945312, 270.73040771484375]"
372,"[18.0, 192.00001525878906]","[17.468748092651367, 197.09825134277344]"
373,"[63.0, 12.000000953674316]","[63.38185501098633, 15.217942237854004]"
374,"[150.0, 39.0]","[152.490234375, 44.35462951660156]"
375,"[102.0, 111.0]","[105.36931610107422, 115.51300048828125]"
376,"[147.0, 87.0]","[148.88980102539062, 91.2000961303711]"
377,"[177.0, 24.000001907348633]","[178.29437255859375, 63.93978500366211]"
378,"[123.0, 36.0]","[124.04651641845703, 43.45393753051758]"
379,"[96.00000762939453, 204.0]","[94.81555938720703, 210.39517211914062]"
380,"[93.0, 21.0]","[94.90790557861328, 28.314350128173828]"
381,"[30.0, 264.0]","[24.865795135498047, 267.6790771484375]"
382,"[48.000003814697266, 51.0]","[49.540245056152344, 56.46207046508789]"
383,"[174.0, 204.0]","[168.40904235839844, 210.37696838378906]"
384,"[93.0, 330.0]","[88.57269287109375, 337.0287170410156]"
385,"[18.0, 120.0]","[16.86333465576172, 130.6165771484375]"
386,"[66.0, 333.0]","[61.73733139038086, 343.0318298339844]"
387,"[27.000001907348633, 69.0]","[26.020469665527344, 76.00228118896484]"
388,"[3.000000238418579, 116.99999237060547]","[5.016021251678467, 140.1157989501953]"
389,"[36.0, 156.0]","[37.22574234008789, 161.1793212890625]"
390,"[114.0, 288.0]","[113.2002944946289, 296.461181640625]"
391,"[0.0, 216.00001525878906]","[2.5192065238952637, 194.72325134277344]"
392,"[3.000000238418579, 306.0]","[-1.3831796646118164, 308.1563415527344]"
393,"[9.0, 21.0]","[7.203027248382568, 21.984554290771484]"
394,"[75.0, 24.000001907348633]","[75.7398452758789, 29.487398147583008]"
395,"[51.0, 276.0]","[48.9184455871582, 284.4674987792969]"
396,"[105.0, 138.0]","[108.05873107910156, 144.19659423828125]"
397,"[147.0, 93.0]","[148.27154541015625, 98.20181274414062]"
398,"[180.0, 147.0]","[175.8195343017578, 190.71530151367188]"
399,"[30.0, 318.0]","[26.272733688354492, 322.4376220703125]"
400,"[39.0, 93.0]","[43.43074417114258, 100.1058349609375]"
401,"[72.0, 99.0]","[74.1119384765625, 106.00921630859375]"
402,"[150.0, 84.0]","[152.04638671875, 90.02123260498047]"
403,"[153.0, 156.0]","[153.33970642089844, 161.47024536132812]"
404,"[168.0, 345.0]","[171.78842163085938, 356.4324951171875]"
405,"[99.0, 141.0]","[100.68529510498047, 144.88040161132812]"
406,"[147.0, 231.0]","[146.91140747070312, 235.06747436523438]"
407,"[9.0, 87.0]","[4.200908660888672, 95.0898666381836]"
408,"[27.000001907348633, 219.0]","[25.82427978515625, 223.1326904296875]"
409,"[105.0, 150.0]","[107.45152282714844, 156.5687713623047]"
410,"[135.0, 233.99998474121094]","[129.17286682128906, 241.28199768066406]"
411,"[168.0, 264.0]","[171.68687438964844, 272.22686767578125]"
412,"[132.0, 309.0]","[130.96595764160156, 318.55010986328125]"
413,"[147.0, 222.0]","[148.1029052734375, 226.9819793701172]"
414,"[99.0, 153.0]","[100.07115936279297, 157.9194793701172]"
415,"[129.0, 102.0]","[131.15863037109375, 107.6039810180664]"
416,"[159.0, 339.0]","[158.25555419921875, 347.0809020996094]"
417,"[93.0, 183.0]","[93.8136215209961, 191.32464599609375]"
418,"[102.0, 30.0]","[106.87137603759766, 35.29520034790039]"
419,"[57.0, 90.0]","[54.258243560791016, 95.31697845458984]"
420,"[30.0, 357.0]","[31.748777389526367, 311.9425964355469]"
421,"[60.0, 270.0]","[56.92298889160156, 274.2431945800781]"
422,"[6.000000476837158, 333.0]","[-0.6545334458351135, 349.8642272949219]"
423,"[0.0, 39.0]","[2.5192065238952637, 194.72325134277344]"
424,"[159.0, 195.0]","[156.5181121826172, 200.63612365722656]"
425,"[168.0, 312.0]","[167.49032592773438, 320.03509521484375]"
426,"[168.0, 276.0]","[168.29759216308594, 288.0002746582031]"
427,"[168.0, 138.0]","[164.14096069335938, 149.861083984375]"
428,"[147.0, 303.0]","[144.1698760986328, 310.94732666015625]"
429,"[78.0, 90.0]","[81.94061279296875, 94.23090362548828]"
430,"[120.0, 282.0]","[117.56688690185547, 289.8936767578125]"
431,"[24.000001907348633, 225.0]","[20.0633602142334, 230.19247436523438]"
432,"[48.000003814697266, 18.0]","[47.38880920410156, 23.793766021728516]"
433,"[54.000003814697266, 69.0]","[54.54182815551758, 71.33072662353516]"
434,"[54.000003814697266, 318.0]","[53.385074615478516, 322.78118896484375]"
435,"[45.0, 267.0]","[38.53878402709961, 269.4692687988281]"
436,"[12.000000953674316, 116.99999237060547]","[5.840921401977539, 126.9834213256836]"
437,"[24.000001907348633, 120.0]","[24.913454055786133, 128.08436584472656]"
438,"[96.00000762939453, 188.99998474121094]","[96.80326080322266, 197.40467834472656]"
439,"[168.0, 27.000001907348633]","[170.73236083984375, 34.072410583496094]"
440,"[171.0, 312.0]","[166.19517517089844, 317.3409729003906]"
441,"[84.0, 81.0]","[83.46255493164062, 84.59790802001953]"
442,"[96.00000762939453, 90.0]","[91.34225463867188, 90.58866882324219]"
443,"[84.0, 30.0]","[84.98868560791016, 35.458316802978516]"
444,"[111.0, 180.0]","[108.61973571777344, 186.4775390625]"
445,"[90.0, 177.0]","[91.65196228027344, 184.66769409179688]"
446,"[126.0, 231.0]","[123.54915618896484, 237.45452880859375]"
447,"[138.0, 216.00001525878906]","[136.7704315185547, 223.12283325195312]"
448,"[21.0, 147.0]","[17.52834129333496, 154.38246154785156]"
449,"[90.0, 111.0]","[92.91908264160156, 116.41587829589844]"
450,"[180.0, 267.0]","[175.8195343017578, 190.71530151367188]"
451,"[84.0, 222.0]","[81.88616943359375, 227.38958740234375]"
452,"[87.0, 66.0]","[87.39521026611328, 72.6846694946289]"
453,"[39.0, 348.0]","[37.401275634765625, 353.9383850097656]"
454,"[162.0, 84.0]","[162.80914306640625, 90.38887786865234]"
455,"[111.0, 0.0]","[109.82408142089844, 211.95706176757812]"
456,"[15.0, 201.0]","[11.834206581115723, 204.4556884765625]"
457,"[159.0, 171.0]","[161.41542053222656, 177.90634155273438]"
458,"[48.000003814697266, 348.0]","[48.705223083496094, 355.9844665527344]"
459,"[123.0, 51.0]","[126.29493713378906, 58.0372314453125]"
460,"[78.0, 162.0]","[78.8287353515625, 166.41128540039062]"
461,"[75.0, 111.0]","[75.9110107421875, 119.04177856445312]"
462,"[120.0, 261.0]","[115.49507141113281, 263.3258361816406]"
463,"[177.0, 318.0]","[175.4595947265625, 315.552978515625]"
464,"[81.0, 201.0]","[79.93346405029297, 206.6407470703125]"
465,"[27.000001907348633, 27.000001907348633]","[28.09357261657715, 31.514976501464844]"
466,"[150.0, 162.0]","[149.63656616210938, 165.9498748779297]"
467,"[39.0, 212.99998474121094]","[34.20547103881836, 216.98875427246094]"
468,"[102.0, 135.0]","[105.0111312866211, 141.2500762939453]"
469,"[0.0, 212.99998474121094]","[2.5192065238952637, 194.72325134277344]"
470,"[116.99999237060547, 195.0]","[116.81263732910156, 198.99331665039062]"
471,"[126.0, 264.0]","[119.0268783569336, 266.2746887207031]"
472,"[87.0, 210.0]","[83.36785125732422, 217.92127990722656]"
473,"[174.0, 42.0]","[177.5673828125, 48.29191207885742]"
474,"[54.000003814697266, 96.00000762939453]","[52.65233612060547, 102.31804656982422]"
475,"[111.0, 291.0]","[108.44953155517578, 299.0472412109375]"
476,"[159.0, 360.0]","[157.37608337402344, 223.372802734375]"
477,"[141.0, 48.000003814697266]","[142.4424285888672, 54.50600051879883]"
478,"[30.0, 87.0]","[30.585205078125, 95.40098571777344]"
479,"[30.0, 162.0]","[26.60189437866211, 167.0211944580078]"
480,"[126.0, 48.000003814697266]","[129.9020233154297, 55.787349700927734]"
481,"[96.00000762939453, 297.0]","[92.40532684326172, 305.6282043457031]"
482,"[120.0, 294.0]","[117.16899871826172, 301.3308410644531]"
483,"[153.0, 63.0]","[156.63137817382812, 65.7117691040039]"
484,"[36.0, 78.0]","[35.786434173583984, 81.05175018310547]"
485,"[78.0, 141.0]","[79.77091979980469, 144.97544860839844]"
486,"[72.0, 54.000003814697266]","[73.88693237304688, 58.32679748535156]"
487,"[129.0, 108.00000762939453]","[134.67918395996094, 111.87198638916016]"
488,"[51.0, 42.0]","[58.73136901855469, 48.1990966796875]"
489,"[111.0, 30.0]","[113.9371566772461, 38.0491828918457]"
490,"[135.0, 225.0]","[132.3949737548828, 230.07611083984375]"
491,"[12.000000953674316, 75.0]","[7.455605506896973, 80.04912567138672]"
492,"[135.0, 165.0]","[133.6139678955078, 170.74234008789062]"
493,"[114.0, 120.0]","[109.19718933105469, 125.54991149902344]"
494,"[159.0, 249.0]","[158.7914276123047, 254.773681640625]"
495,"[12.000000953674316, 126.0]","[10.878814697265625, 135.2330780029297]"
496,"[69.0, 291.0]","[59.86245346069336, 297.91015625]"
497,"[54.000003814697266, 219.0]","[48.06369400024414, 224.62246704101562]"
498,"[174.0, 54.000003814697266]","[175.8487091064453, 61.945343017578125]"
499,"[75.0, 6.000000476837158]","[76.28108978271484, 3.7572872638702393]"
500,"[123.0, 288.0]","[122.52555084228516, 297.8157653808594]"
501,"[0.0, 303.0]","[2.5192065238952637, 194.72325134277344]"
502,"[39.0, 165.0]","[33.030582427978516, 172.30934143066406]"
503,"[129.0, 252.0]","[123.89432525634766, 257.82806396484375]"
504,"[135.0, 147.0]","[134.3985595703125, 149.9364471435547]"
505,"[96.00000762939453, 144.0]","[99.00077819824219, 148.87503051757812]"
506,"[9.0, 162.0]","[3.998492956161499, 169.61337280273438]"
507,"[36.0, 258.0]","[30.599557876586914, 261.0523376464844]"
508,"[81.0, 87.0]","[84.57946014404297, 91.82306671142578]"
509,"[144.0, 126.0]","[142.27786254882812, 133.6302947998047]"
510,"[18.0, 30.0]","[18.158233642578125, 34.71980667114258]"
511,"[147.0, 324.0]","[146.7054443359375, 334.0310974121094]"
512,"[105.0, 303.0]","[101.25843048095703, 313.4441833496094]"
513,"[75.0, 57.0]","[78.13977813720703, 62.49858093261719]"
514,"[27.000001907348633, 138.0]","[21.759735107421875, 146.66221618652344]"
515,"[60.0, 255.0]","[54.809566497802734, 260.8067932128906]"
516,"[21.0, 294.0]","[16.88483238220215, 301.999755859375]"
517,"[150.0, 195.0]","[145.80050659179688, 200.31793212890625]"
518,"[75.0, 48.000003814697266]","[76.61257934570312, 53.17249298095703]"
519,"[108.00000762939453, 81.0]","[108.89452362060547, 85.23245239257812]"
520,"[81.0, 15.0]","[83.2853012084961, 16.15793800354004]"
521,"[116.99999237060547, 116.99999237060547]","[115.80924224853516, 124.75858306884766]"
522,"[177.0, 270.0]","[176.7137451171875, 261.7015075683594]"
523,"[81.0, 188.99998474121094]","[82.8499526977539, 197.2150421142578]"
524,"[78.0, 138.0]","[78.85177612304688, 145.0313720703125]"
525,"[162.0, 255.0]","[159.39617919921875, 262.91668701171875]"
526,"[18.0, 207.0]","[14.186919212341309, 211.08416748046875]"
527,"[99.0, 120.0]","[98.02879333496094, 123.28154754638672]"
528,"[6.000000476837158, 188.99998474121094]","[5.338495254516602, 195.397216796875]"
529,"[63.0, 9.0]","[64.37043762207031, 10.90376091003418]"
530,"[63.0, 63.0]","[65.12904357910156, 69.17361450195312]"
531,"[27.000001907348633, 21.0]","[29.024702072143555, 26.988229751586914]"
532,"[116.99999237060547, 312.0]","[121.16697692871094, 321.1808166503906]"
533,"[162.0, 114.0]","[164.78073120117188, 123.44900512695312]"
534,"[174.0, 183.0]","[171.6063232421875, 190.56954956054688]"
535,"[45.0, 147.0]","[45.54623031616211, 151.04241943359375]"
536,"[150.0, 183.0]","[150.25384521484375, 188.54408264160156]"
537,"[129.0, 114.0]","[131.8644256591797, 120.6977310180664]"
538,"[116.99999237060547, 360.0]","[116.17596435546875, 235.83575439453125]"
539,"[87.0, 351.0]","[86.630126953125, 356.1432189941406]"
540,"[168.0, 72.0]","[168.01089477539062, 78.58409118652344]"
541,"[141.0, 252.0]","[141.05569458007812, 257.0973815917969]"
542,"[51.0, 105.0]","[50.45260238647461, 109.91053009033203]"
543,"[159.0, 129.0]","[157.6009521484375, 138.47808837890625]"
544,"[90.0, 78.0]","[86.92813873291016, 82.7546157836914]"
545,"[165.0, 210.0]","[164.34912109375, 216.51422119140625]"
546,"[60.0, 129.0]","[57.1101188659668, 134.57846069335938]"
547,"[21.0, 48.000003814697266]","[22.524417877197266, 55.87915802001953]"
548,"[123.0, 225.0]","[120.55719757080078, 231.7397003173828]"
549,"[138.0, 162.0]","[138.4583282470703, 168.1374969482422]"
550,"[177.0, 339.0]","[174.77420043945312, 292.3565673828125]"
551,"[105.0, 171.0]","[101.82274627685547, 179.70852661132812]"
552,"[69.0, 342.0]","[67.50041961669922, 352.8814392089844]"
553,"[159.0, 233.99998474121094]","[156.1285400390625, 235.193359375]"
554,"[9.0, 72.0]","[6.455999851226807, 78.64192962646484]"
555,"[6.000000476837158, 249.0]","[2.5998282432556152, 249.6605987548828]"
556,"[102.0, 93.0]","[102.53254699707031, 97.79679870605469]"
557,"[153.0, 78.0]","[158.8623046875, 85.64999389648438]"
558,"[72.0, 243.0]","[64.58026885986328, 249.94154357910156]"
559,"[15.0, 243.0]","[19.042959213256836, 253.8570098876953]"
560,"[138.0, 108.00000762939453]","[140.21389770507812, 113.3582763671875]"
561,"[126.0, 294.0]","[125.749755859375, 303.01348876953125]"
562,"[81.0, 297.0]","[75.68215942382812, 307.1199645996094]"
563,"[138.0, 147.0]","[137.86953735351562, 149.32766723632812]"
564,"[171.0, 228.0]","[172.7583770751953, 234.5101318359375]"
565,"[66.0, 306.0]","[63.94321823120117, 311.5852966308594]"
566,"[153.0, 231.0]","[153.4374237060547, 233.6993408203125]"
567,"[18.0, 93.0]","[16.634925842285156, 100.7291259765625]"
568,"[108.00000762939453, 246.0]","[104.58113098144531, 253.30438232421875]"
569,"[57.0, 246.0]","[51.38749694824219, 251.1580810546875]"
570,"[84.0, 114.0]","[84.96818542480469, 120.481201171875]"
571,"[51.0, 159.0]","[48.9884033203125, 165.34523010253906]"
572,"[39.0, 201.0]","[38.22871780395508, 204.16473388671875]"
573,"[96.00000762939453, 285.0]","[87.1161880493164, 290.5895690917969]"
574,"[15.0, 18.0]","[15.798983573913574, 20.066761016845703]"
575,"[114.0, 273.0]","[111.53897857666016, 278.2305908203125]"
576,"[126.0, 126.0]","[126.54844665527344, 131.02816772460938]"
577,"[63.0, 39.0]","[63.096778869628906, 45.733882904052734]"
578,"[69.0, 233.99998474121094]","[62.64332580566406, 240.71434020996094]"
579,"[36.0, 315.0]","[33.93944549560547, 316.5477294921875]"
580,"[153.0, 102.0]","[158.13864135742188, 106.68994140625]"
581,"[171.0, 324.0]","[167.55239868164062, 325.7477111816406]"
582,"[60.0, 168.0]","[61.42308044433594, 179.16700744628906]"
583,"[171.0, 15.0]","[169.30206298828125, 16.37919044494629]"
584,"[42.0, 33.0]","[45.60963821411133, 37.145408630371094]"
585,"[39.0, 174.0]","[34.938968658447266, 183.0185546875]"
586,"[99.0, 147.0]","[100.05270385742188, 154.45919799804688]"
587,"[72.0, 212.99998474121094]","[65.2775650024414, 218.95655822753906]"
588,"[12.000000953674316, 129.0]","[12.05324649810791, 138.65048217773438]"
589,"[168.0, 330.0]","[167.2979278564453, 335.12274169921875]"
590,"[114.0, 312.0]","[117.5630111694336, 319.65362548828125]"
591,"[111.0, 252.0]","[107.47843170166016, 260.27374267578125]"
592,"[66.0, 255.0]","[65.66466522216797, 260.873046875]"
593,"[141.0, 123.0]","[138.64102172851562, 131.7140350341797]"
594,"[27.000001907348633, 72.0]","[25.812095642089844, 78.75411987304688]"
595,"[30.0, 297.0]","[28.970060348510742, 304.67987060546875]"
596,"[162.0, 303.0]","[159.8705596923828, 310.6629943847656]"
597,"[153.0, 342.0]","[151.0708770751953, 348.4042663574219]"
598,"[99.0, 6.000000476837158]","[97.85821533203125, 5.42530632019043]"
599,"[75.0, 195.0]","[72.5073013305664, 203.91197204589844]"
600,"[102.0, 15.0]","[104.17375946044922, 17.552099227905273]"
601,"[0.0, 126.0]","[2.5192065238952637, 194.72325134277344]"
602,"[138.0, 54.000003814697266]","[139.6576385498047, 61.79393768310547]"
603,"[15.0, 228.0]","[17.629974365234375, 234.5898895263672]"
604,"[18.0, 159.0]","[10.44921875, 161.4889678955078]"
605,"[120.0, 198.0]","[122.20144653320312, 205.3766632080078]"
606,"[42.0, 195.0]","[40.35800552368164, 200.5621337890625]"
607,"[45.0, 48.000003814697266]","[47.98274612426758, 52.26909255981445]"
608,"[54.000003814697266, 303.0]","[49.102874755859375, 309.7233581542969]"
609,"[48.000003814697266, 312.0]","[44.94144058227539, 313.505615234375]"
610,"[63.0, 168.0]","[64.06625366210938, 178.4915008544922]"
611,"[42.0, 357.0]","[42.018524169921875, 324.2226257324219]"
612,"[174.0, 116.99999237060547]","[174.8073272705078, 129.2145538330078]"
613,"[159.0, 177.0]","[160.38832092285156, 185.98094177246094]"
614,"[99.0, 75.0]","[93.90532684326172, 80.4307861328125]"
615,"[39.0, 219.0]","[34.0108642578125, 223.7244873046875]"
616,"[57.0, 75.0]","[56.769187927246094, 79.09886169433594]"
617,"[36.0, 45.0]","[41.554779052734375, 51.331851959228516]"
618,"[116.99999237060547, 159.0]","[115.21139526367188, 163.20144653320312]"
619,"[3.000000238418579, 51.0]","[-0.44549816846847534, 67.61748504638672]"
620,"[180.0, 75.0]","[175.8195343017578, 190.71530151367188]"
621,"[51.0, 312.0]","[48.03812789916992, 315.1183776855469]"
622,"[116.99999237060547, 24.000001907348633]","[116.99488830566406, 29.349506378173828]"
623,"[147.0, 186.0]","[145.27391052246094, 190.06105041503906]"
624,"[138.0, 120.0]","[138.43612670898438, 126.67989349365234]"
625,"[84.0, 333.0]","[80.36156463623047, 339.9395446777344]"
626,"[3.000000238418579, 66.0]","[-0.7341387271881104, 85.07379913330078]"
627,"[177.0, 288.0]","[172.98658752441406, 282.4442138671875]"
628,"[60.0, 42.0]","[64.2663803100586, 46.8036994934082]"
629,"[75.0, 69.0]","[72.719482421875, 75.7906723022461]"
630,"[153.0, 48.000003814697266]","[152.36123657226562, 52.166744232177734]"
631,"[63.0, 3.000000238418579]","[59.28974914550781, 31.636783599853516]"
632,"[147.0, 264.0]","[144.10403442382812, 274.6649169921875]"
633,"[3.000000238418579, 258.0]","[-1.0242973566055298, 253.33987426757812]"
634,"[87.0, 188.99998474121094]","[87.40982055664062, 197.839111328125]"
635,"[36.0, 177.0]","[33.87016296386719, 183.9363250732422]"
636,"[138.0, 309.0]","[135.25827026367188, 319.8293762207031]"
637,"[15.0, 291.0]","[12.854940414428711, 293.5140686035156]"
638,"[108.00000762939453, 60.0]","[107.94127655029297, 63.92913818359375]"
639,"[60.0, 360.0]","[64.6351089477539, 185.52105712890625]"
640,"[72.0, 240.0]","[64.59630584716797, 247.01980590820312]"
641,"[150.0, 90.0]","[150.84613037109375, 94.97409057617188]"
642,"[51.0, 294.0]","[44.904151916503906, 300.2303161621094]"
643,"[171.0, 180.0]","[164.91378784179688, 188.54800415039062]"
644,"[54.000003814697266, 279.0]","[52.345375061035156, 288.5303039550781]"
645,"[153.0, 276.0]","[150.15673828125, 283.83563232421875]"
646,"[75.0, 264.0]","[68.12860107421875, 272.0867614746094]"
647,"[171.0, 93.0]","[174.78451538085938, 106.83102416992188]"
648,"[18.0, 186.0]","[19.851343154907227, 189.6439208984375]"
649,"[99.0, 300.0]","[94.50313568115234, 310.3765869140625]"
650,"[114.0, 15.0]","[116.70488739013672, 20.208648681640625]"
651,"[48.000003814697266, 24.000001907348633]","[49.74143600463867, 29.141300201416016]"
652,"[147.0, 294.0]","[142.89056396484375, 301.05328369140625]"
653,"[66.0, 129.0]","[65.19783020019531, 135.4295196533203]"
654,"[135.0, 57.0]","[133.674072265625, 61.85883331298828]"
655,"[126.0, 116.99999237060547]","[126.54698944091797, 124.3737564086914]"
656,"[162.0, 165.0]","[161.3460235595703, 166.3341522216797]"
657,"[63.0, 327.0]","[57.99201583862305, 332.2146911621094]"
658,"[36.0, 174.0]","[31.166297912597656, 181.67942810058594]"
659,"[9.0, 111.0]","[0.24612553417682648, 121.94815826416016]"
660,"[126.0, 233.99998474121094]","[119.87451171875, 240.04080200195312]"
661,"[48.000003814697266, 135.0]","[48.10702133178711, 140.4099884033203]"
662,"[111.0, 243.0]","[107.689208984375, 248.67796325683594]"
663,"[105.0, 183.0]","[104.19053649902344, 190.4281768798828]"
664,"[138.0, 15.0]","[140.38978576660156, 18.657989501953125]"
665,"[51.0, 273.0]","[46.577083587646484, 279.3733825683594]"
666,"[171.0, 120.0]","[175.35092163085938, 130.68621826171875]"
667,"[81.0, 333.0]","[76.82489776611328, 340.04730224609375]"
668,"[27.000001907348633, 180.0]","[27.664203643798828, 183.8336944580078]"
669,"[90.0, 48.000003814697266]","[95.68294525146484, 50.98597717285156]"
670,"[174.0, 12.000000953674316]","[170.4982452392578, 41.71525955200195]"
671,"[162.0, 48.000003814697266]","[161.58163452148438, 52.44741439819336]"
672,"[9.0, 153.0]","[3.8616225719451904, 161.49839782714844]"
673,"[90.0, 60.0]","[90.80775451660156, 65.92391967773438]"
674,"[66.0, 195.0]","[64.59921264648438, 203.3526153564453]"
675,"[69.0, 54.000003814697266]","[72.0088119506836, 58.58342361450195]"
676,"[171.0, 300.0]","[174.42144775390625, 305.616943359375]"
677,"[123.0, 120.0]","[119.49674987792969, 127.5396499633789]"
678,"[162.0, 216.00001525878906]","[161.6035919189453, 219.108154296875]"
679,"[108.00000762939453, 225.0]","[110.92820739746094, 229.03231811523438]"
680,"[90.0, 150.0]","[89.46068572998047, 156.83090209960938]"
681,"[15.0, 168.0]","[9.039286613464355, 171.65533447265625]"
682,"[90.0, 159.0]","[88.85513305664062, 162.2279815673828]"
683,"[156.0, 177.0]","[156.0501708984375, 183.02267456054688]"
684,"[63.0, 237.00001525878906]","[58.193817138671875, 243.3973388671875]"
685,"[105.0, 9.0]","[104.83674621582031, 13.737966537475586]"
686,"[99.0, 297.0]","[95.41938018798828, 305.9111633300781]"
687,"[99.0, 204.0]","[98.85816955566406, 210.73959350585938]"
688,"[156.0, 24.000001907348633]","[153.67491149902344, 29.270957946777344]"
689,"[69.0, 0.0]","[72.79767608642578, 160.01922607421875]"
690,"[78.0, 357.0]","[76.7168197631836, 321.16180419921875]"
691,"[15.0, 27.000001907348633]","[15.607004165649414, 31.878219604492188]"
692,"[66.0, 240.0]","[57.9386100769043, 246.8586883544922]"
693,"[90.0, 306.0]","[86.77513885498047, 315.3640441894531]"
694,"[63.0, 315.0]","[63.19141387939453, 320.0555419921875]"
695,"[75.0, 279.0]","[68.85195922851562, 286.2144775390625]"
696,"[174.0, 168.0]","[175.13552856445312, 177.65234375]"
697,"[84.0, 39.0]","[86.23301696777344, 45.53089141845703]"
698,"[102.0, 48.000003814697266]","[105.77098083496094, 50.94607162475586]"
699,"[108.00000762939453, 3.000000238418579]","[104.10575866699219, 44.44819641113281]"
700,"[108.00000762939453, 306.0]","[106.9813003540039, 315.26153564453125]"
701,"[18.0, 333.0]","[18.30550765991211, 338.83575439453125]"
702,"[12.000000953674316, 243.0]","[13.309045791625977, 256.4511413574219]"
703,"[45.0, 84.0]","[45.863243103027344, 87.46402740478516]"
704,"[81.0, 309.0]","[81.33377838134766, 316.61700439453125]"
705,"[12.000000953674316, 210.0]","[6.814860820770264, 215.80686950683594]"
706,"[147.0, 276.0]","[146.68154907226562, 286.0989685058594]"
707,"[60.0, 0.0]","[64.6351089477539, 185.52105712890625]"
708,"[75.0, 261.0]","[71.31453704833984, 268.2013854980469]"
709,"[39.0, 252.0]","[34.06293487548828, 257.99530029296875]"
710,"[66.0, 42.0]","[69.25243377685547, 48.24058151245117]"
711,"[129.0, 270.0]","[123.10372924804688, 278.81195068359375]"
712,"[177.0, 195.0]","[178.2110595703125, 202.3954620361328]"
713,"[57.0, 129.0]","[54.12649917602539, 134.95416259765625]"
714,"[123.0, 162.0]","[125.11727905273438, 168.40621948242188]"
715,"[6.000000476837158, 207.0]","[3.798306465148926, 213.73410034179688]"
716,"[60.0, 3.000000238418579]","[55.41069030761719, 35.91078567504883]"
717,"[156.0, 75.0]","[159.63027954101562, 80.33773040771484]"
718,"[159.0, 120.0]","[159.49411010742188, 129.6065673828125]"
719,"[33.0, 27.000001907348633]","[35.151947021484375, 32.59030532836914]"
720,"[21.0, 177.0]","[20.731975555419922, 179.60906982421875]"
721,"[156.0, 165.0]","[157.00234985351562, 171.4363555908203]"
722,"[6.000000476837158, 81.0]","[3.7785868644714355, 90.68596649169922]"
723,"[9.0, 198.0]","[8.591497421264648, 204.3148193359375]"
724,"[81.0, 66.0]","[81.21107482910156, 73.74636840820312]"
725,"[153.0, 96.00000762939453]","[159.4863739013672, 103.76557922363281]"
726,"[60.0, 339.0]","[58.61726760864258, 349.4994201660156]"
727,"[120.0, 249.0]","[117.93572235107422, 257.5650329589844]"
728,"[153.0, 60.0]","[155.29031372070312, 61.22753143310547]"
729,"[96.00000762939453, 42.0]","[100.52670288085938, 50.29677200317383]"
730,"[21.0, 135.0]","[14.003812789916992, 143.61398315429688]"
731,"[114.0, 168.0]","[111.94806671142578, 176.13633728027344]"
732,"[138.0, 282.0]","[137.724853515625, 288.6205749511719]"
733,"[120.0, 333.0]","[117.69844055175781, 342.88531494140625]"
734,"[57.0, 126.0]","[53.31520080566406, 133.12063598632812]"
735,"[108.00000762939453, 93.0]","[109.45751953125, 97.7007827758789]"
736,"[60.0, 233.99998474121094]","[56.69301986694336, 239.33663940429688]"
737,"[27.000001907348633, 216.00001525878906]","[27.36374855041504, 219.19007873535156]"
